{
  "em": 0.45057142857142857,
  "f1": 0.4567274668574122,
  "partial_em": 0.4617142857142857,
  "classification": {
    "accuracy": 0.522,
    "macro_f1": 0.4423158592302559,
    "weighted_f1": 0.4454478133648188,
    "per_class": {
      "NO_ANSWER": {
        "precision": 0.5169018706924844,
        "recall": 0.8868243243243243,
        "f1": 0.6531204644412192,
        "support": 1776
      },
      "ANSWERABLE": {
        "precision": 0.5562913907284768,
        "recall": 0.14617169373549885,
        "f1": 0.23151125401929262,
        "support": 1724
      }
    },
    "confusion_matrix": [
      [
        1575,
        201
      ],
      [
        1472,
        252
      ]
    ]
  },
  "em_answerable_only": 0.001160092807424594,
  "f1_answerable_only": 0.013541841067832105,
  "n_answerable": 1724,
  "latency_avg_ms": 842.9212515694754,
  "latency_p95_ms": 1100.5620956420898,
  "throughput_qps": 1.1863504427466411,
  "peak_vram_mb": 0,
  "params_total_m": 0,
  "params_trainable_m": 0,
  "storage_model_mb": 0,
  "storage_adapters_mb": 0,
  "storage_index_mb": 0,
  "train_gpu_hours": 0,
  "num_gpus": 1,
  "inference_gpu_seconds_per_query": 0.8429212515694754,
  "dataset_name": "squad_v2"
}