{
  "em": 0.5071428571428571,
  "f1": 0.5071536388140162,
  "partial_em": 0.5074285714285715,
  "classification": {
    "accuracy": 0.5074285714285715,
    "macro_f1": 0.3371360674877655,
    "weighted_f1": 0.3421277305119605,
    "per_class": {
      "NO_ANSWER": {
        "precision": 0.5074328187535735,
        "recall": 0.9994369369369369,
        "f1": 0.6731133864239667,
        "support": 1776
      },
      "ANSWERABLE": {
        "precision": 0.5,
        "recall": 0.000580046403712297,
        "f1": 0.0011587485515643103,
        "support": 1724
      }
    },
    "confusion_matrix": [
      [
        1775,
        1
      ],
      [
        1723,
        1
      ]
    ]
  },
  "em_answerable_only": 0.0,
  "f1_answerable_only": 2.1888543536313097e-05,
  "n_answerable": 1724,
  "latency_avg_ms": 131.16776820591517,
  "latency_p95_ms": 151.02267265319824,
  "throughput_qps": 7.623824158006095,
  "peak_vram_mb": 0,
  "params_total_m": 0,
  "params_trainable_m": 0,
  "storage_model_mb": 0,
  "storage_adapters_mb": 0,
  "storage_index_mb": 0,
  "train_gpu_hours": 0,
  "num_gpus": 1,
  "inference_gpu_seconds_per_query": 0.13116776820591516,
  "dataset_name": "squad_v2"
}