{
  "em": 0.49314285714285716,
  "f1": 0.4958151144010543,
  "partial_em": 0.494,
  "classification": {
    "accuracy": 0.5151428571428571,
    "macro_f1": 0.37680985613063506,
    "weighted_f1": 0.381172085392391,
    "per_class": {
      "NO_ANSWER": {
        "precision": 0.511710643344204,
        "recall": 0.9718468468468469,
        "f1": 0.6704214410565159,
        "support": 1776
      },
      "ANSWERABLE": {
        "precision": 0.6062992125984252,
        "recall": 0.04466357308584687,
        "f1": 0.08319827120475419,
        "support": 1724
      }
    },
    "confusion_matrix": [
      [
        1726,
        50
      ],
      [
        1647,
        77
      ]
    ]
  },
  "em_answerable_only": 0.001160092807424594,
  "f1_answerable_only": 0.006585209050864199,
  "n_answerable": 1724,
  "latency_avg_ms": 88.96275166102818,
  "latency_p95_ms": 96.05979919433594,
  "throughput_qps": 11.24065950444369,
  "peak_vram_mb": 0,
  "params_total_m": 0,
  "params_trainable_m": 0,
  "storage_model_mb": 0,
  "storage_adapters_mb": 0,
  "storage_index_mb": 0,
  "train_gpu_hours": 0,
  "num_gpus": 1,
  "inference_gpu_seconds_per_query": 0.08896275166102818,
  "dataset_name": "squad_v2"
}