{
  "em": 0.412,
  "f1": 0.46615762641101743,
  "partial_em": 0.4725714285714286,
  "classification": {
    "accuracy": 0.606,
    "macro_f1": 0.6055741811057243,
    "weighted_f1": 0.6057667253013966,
    "per_class": {
      "NO_ANSWER": {
        "precision": 0.6079390973355084,
        "recall": 0.6295045045045045,
        "f1": 0.6185338865836791,
        "support": 1776
      },
      "ANSWERABLE": {
        "precision": 0.6038531005418423,
        "recall": 0.5817865429234339,
        "f1": 0.5926144756277695,
        "support": 1724
      }
    },
    "confusion_matrix": [
      [
        1118,
        658
      ],
      [
        721,
        1003
      ]
    ]
  },
  "em_answerable_only": 0.18793503480278423,
  "f1_answerable_only": 0.29780809442819856,
  "n_answerable": 1724,
  "latency_avg_ms": 9274.3418472835,
  "latency_p95_ms": 13181.150674819946,
  "throughput_qps": 0.1078243627921592,
  "peak_vram_mb": 0,
  "params_total_m": 0,
  "params_trainable_m": 0,
  "storage_model_mb": 0,
  "storage_adapters_mb": 0,
  "storage_index_mb": 0,
  "train_gpu_hours": 0,
  "num_gpus": 1,
  "inference_gpu_seconds_per_query": 9.2743418472835,
  "dataset_name": "squad_v2"
}