{
  "em": 0.4268571428571429,
  "f1": 0.49117417177448947,
  "partial_em": 0.496,
  "classification": {
    "accuracy": 0.6157142857142858,
    "macro_f1": 0.6155975215002043,
    "weighted_f1": 0.6154979847931185,
    "per_class": {
      "NO_ANSWER": {
        "precision": 0.629585087191822,
        "recall": 0.589527027027027,
        "f1": 0.6088979354463507,
        "support": 1776
      },
      "ANSWERABLE": {
        "precision": 0.603157321720196,
        "recall": 0.642691415313225,
        "f1": 0.6222971075540578,
        "support": 1724
      }
    },
    "confusion_matrix": [
      [
        1047,
        729
      ],
      [
        616,
        1108
      ]
    ]
  },
  "em_answerable_only": 0.25928074245939675,
  "f1_answerable_only": 0.38941651199685046,
  "n_answerable": 1724,
  "latency_avg_ms": 8836.375542368207,
  "latency_p95_ms": 12320.405006408691,
  "throughput_qps": 0.11316857179793349,
  "peak_vram_mb": 0,
  "params_total_m": 0,
  "params_trainable_m": 0,
  "storage_model_mb": 0,
  "storage_adapters_mb": 0,
  "storage_index_mb": 0,
  "train_gpu_hours": 0,
  "num_gpus": 1,
  "inference_gpu_seconds_per_query": 8.836375542368208,
  "dataset_name": "squad_v2"
}