{
  "em": 0.25657142857142856,
  "f1": 0.2893904761904756,
  "partial_em": 0.31085714285714283,
  "latency_avg_ms": 103.66673653466361,
  "latency_p95_ms": 157.4227809906006,
  "throughput_qps": 9.646295749510978,
  "peak_vram_mb": 0,
  "params_total_m": 0,
  "params_trainable_m": 0,
  "storage_model_mb": 0,
  "storage_adapters_mb": 0,
  "storage_index_mb": 0,
  "train_gpu_hours": 0,
  "num_gpus": 1,
  "inference_gpu_seconds_per_query": 0.10366673653466361,
  "dataset_name": "commonsenseqa"
}