{
  "em": 0.26885714285714285,
  "f1": 0.31384267399267357,
  "partial_em": 0.346,
  "latency_avg_ms": 61.658187457493376,
  "latency_p95_ms": 119.0183162689209,
  "throughput_qps": 16.218446263756803,
  "peak_vram_mb": 0,
  "params_total_m": 0,
  "params_trainable_m": 0,
  "storage_model_mb": 0,
  "storage_adapters_mb": 0,
  "storage_index_mb": 0,
  "train_gpu_hours": 0,
  "num_gpus": 1,
  "inference_gpu_seconds_per_query": 0.06165818745749338,
  "dataset_name": "commonsenseqa"
}