{
  "em": 0.44,
  "f1": 0.5628100014021068,
  "partial_em": 0.49666666666666665,
  "latency_avg_ms": 11161.995783646902,
  "latency_p95_ms": 15763.432264328003,
  "throughput_qps": 0.0895897131107207,
  "peak_vram_mb": 0,
  "params_total_m": 0,
  "params_trainable_m": 0,
  "storage_model_mb": 0,
  "storage_adapters_mb": 0,
  "storage_index_mb": 0,
  "train_gpu_hours": 0,
  "num_gpus": 1,
  "inference_gpu_seconds_per_query": 11.161995783646901,
  "dataset_name": "hotpotqa"
}