{
  "em": 0.38666666666666666,
  "f1": 0.5117064509564513,
  "partial_em": 0.43333333333333335,
  "latency_avg_ms": 892.734854221344,
  "latency_p95_ms": 1353.4131050109863,
  "throughput_qps": 1.1201534198776346,
  "peak_vram_mb": 12014.2666015625,
  "params_total_m": 0,
  "params_trainable_m": 0,
  "storage_model_mb": 0,
  "storage_adapters_mb": 0,
  "storage_index_mb": 0,
  "train_gpu_hours": 0,
  "num_gpus": 1,
  "inference_gpu_seconds_per_query": 0.892734854221344,
  "dataset_name": "hotpotqa"
}