{
  "em": 0.22666666666666666,
  "f1": 0.32817655492655495,
  "partial_em": 0.25333333333333335,
  "latency_avg_ms": 675.3760600090027,
  "latency_p95_ms": 1159.6016883850098,
  "throughput_qps": 1.4806565692995841,
  "peak_vram_mb": 5802.6318359375,
  "params_total_m": 0,
  "params_trainable_m": 0,
  "storage_model_mb": 0,
  "storage_adapters_mb": 0,
  "storage_index_mb": 0,
  "train_gpu_hours": 0,
  "num_gpus": 1,
  "inference_gpu_seconds_per_query": 0.6753760600090026,
  "dataset_name": "hotpotqa"
}