{
  "em": 0.5266666666666666,
  "f1": 0.6692129789237636,
  "partial_em": 0.6066666666666667,
  "latency_avg_ms": 34293.45331033071,
  "latency_p95_ms": 52594.21992301941,
  "throughput_qps": 0.029160084607132746,
  "peak_vram_mb": 9933.05322265625,
  "params_total_m": 0,
  "params_trainable_m": 0,
  "storage_model_mb": 0,
  "storage_adapters_mb": 0,
  "storage_index_mb": 0,
  "train_gpu_hours": 0,
  "num_gpus": 1,
  "inference_gpu_seconds_per_query": 34.29345331033071,
  "dataset_name": "hotpotqa"
}