{
  "em": 0.01,
  "f1": 0.15790792021454933,
  "partial_em": 0.43333333333333335,
  "latency_avg_ms": 1179.1831318537395,
  "latency_p95_ms": 1741.4908409118652,
  "throughput_qps": 0.8480446955070889,
  "peak_vram_mb": 0,
  "params_total_m": 0,
  "params_trainable_m": 0,
  "storage_model_mb": 0,
  "storage_adapters_mb": 0,
  "storage_index_mb": 0,
  "train_gpu_hours": 0,
  "num_gpus": 1,
  "inference_gpu_seconds_per_query": 1.1791831318537396,
  "dataset_name": "hotpotqa"
}