{
  "em": 0.55,
  "f1": 0.55,
  "partial_em": 0.55,
  "classification": {
    "accuracy": 0.55,
    "macro_f1": 0.33020869991788504,
    "weighted_f1": 0.47248403024389196,
    "per_class": {
      "yes": {
        "precision": 0.5590551181102362,
        "recall": 0.8875,
        "f1": 0.6859903381642511,
        "support": 160
      },
      "no": {
        "precision": 0.5,
        "recall": 0.21904761904761905,
        "f1": 0.304635761589404,
        "support": 105
      },
      "maybe": {
        "precision": 0.0,
        "recall": 0.0,
        "f1": 0.0,
        "support": 35
      }
    },
    "confusion_matrix": [
      [
        142,
        18,
        0
      ],
      [
        82,
        23,
        0
      ],
      [
        30,
        5,
        0
      ]
    ]
  },
  "latency_avg_ms": 76.70522769292195,
  "latency_p95_ms": 85.36481857299805,
  "throughput_qps": 13.036921081876612,
  "peak_vram_mb": 0,
  "params_total_m": 0,
  "params_trainable_m": 0,
  "storage_model_mb": 0,
  "storage_adapters_mb": 0,
  "storage_index_mb": 0,
  "train_gpu_hours": 0,
  "num_gpus": 1,
  "inference_gpu_seconds_per_query": 0.07670522769292196,
  "dataset_name": "pubmedqa_v2"
}