{
  "em": 0.38,
  "f1": 0.38,
  "partial_em": 0.38,
  "classification": {
    "accuracy": 0.38,
    "macro_f1": 0.22007326007326009,
    "weighted_f1": 0.25621978021978026,
    "per_class": {
      "yes": {
        "precision": 0.8,
        "recall": 0.075,
        "f1": 0.13714285714285715,
        "support": 160
      },
      "no": {
        "precision": 0.35789473684210527,
        "recall": 0.9714285714285714,
        "f1": 0.5230769230769231,
        "support": 105
      },
      "maybe": {
        "precision": 0.0,
        "recall": 0.0,
        "f1": 0.0,
        "support": 35
      }
    },
    "confusion_matrix": [
      [
        12,
        148,
        0
      ],
      [
        3,
        102,
        0
      ],
      [
        0,
        35,
        0
      ]
    ]
  },
  "latency_avg_ms": 158.7913409868876,
  "latency_p95_ms": 183.85004997253418,
  "throughput_qps": 6.2975726118628605,
  "peak_vram_mb": 0,
  "params_total_m": 0,
  "params_trainable_m": 0,
  "storage_model_mb": 0,
  "storage_adapters_mb": 0,
  "storage_index_mb": 0,
  "train_gpu_hours": 0,
  "num_gpus": 1,
  "inference_gpu_seconds_per_query": 0.1587913409868876,
  "dataset_name": "pubmedqa_v2"
}