{
  "em": 0.57,
  "f1": 0.57,
  "partial_em": 0.57,
  "classification": {
    "accuracy": 0.57,
    "macro_f1": 0.36826088817752406,
    "weighted_f1": 0.4922570262363197,
    "per_class": {
      "yes": {
        "precision": 0.5714285714285714,
        "recall": 0.925,
        "f1": 0.7064439140811456,
        "support": 160
      },
      "no": {
        "precision": 0.5675675675675675,
        "recall": 0.2,
        "f1": 0.295774647887324,
        "support": 105
      },
      "maybe": {
        "precision": 0.5,
        "recall": 0.05714285714285714,
        "f1": 0.10256410256410256,
        "support": 35
      }
    },
    "confusion_matrix": [
      [
        148,
        11,
        1
      ],
      [
        83,
        21,
        1
      ],
      [
        28,
        5,
        2
      ]
    ]
  },
  "latency_avg_ms": 160.71301539738974,
  "latency_p95_ms": 179.20756340026855,
  "throughput_qps": 6.222271404262643,
  "peak_vram_mb": 0,
  "params_total_m": 0,
  "params_trainable_m": 0,
  "storage_model_mb": 0,
  "storage_adapters_mb": 0,
  "storage_index_mb": 0,
  "train_gpu_hours": 0,
  "num_gpus": 1,
  "inference_gpu_seconds_per_query": 0.16071301539738975,
  "dataset_name": "pubmedqa_v2"
}