{
  "em": 0.64,
  "f1": 0.6419507007426741,
  "partial_em": 0.6633333333333333,
  "classification": {
    "accuracy": 0.6633333333333333,
    "macro_f1": 0.4490868479831822,
    "weighted_f1": 0.610817676170455,
    "per_class": {
      "yes": {
        "precision": 0.6475770925110133,
        "recall": 0.91875,
        "f1": 0.7596899224806201,
        "support": 160
      },
      "no": {
        "precision": 0.7222222222222222,
        "recall": 0.49523809523809526,
        "f1": 0.5875706214689266,
        "support": 105
      },
      "maybe": {
        "precision": 0.0,
        "recall": 0.0,
        "f1": 0.0,
        "support": 35
      }
    },
    "confusion_matrix": [
      [
        147,
        13,
        0
      ],
      [
        52,
        52,
        1
      ],
      [
        28,
        7,
        0
      ]
    ]
  },
  "latency_avg_ms": 12757.183458010355,
  "latency_p95_ms": 17908.80274772644,
  "throughput_qps": 0.07838720853168342,
  "peak_vram_mb": 0,
  "params_total_m": 0,
  "params_trainable_m": 0,
  "storage_model_mb": 0,
  "storage_adapters_mb": 0,
  "storage_index_mb": 0,
  "train_gpu_hours": 0,
  "num_gpus": 1,
  "inference_gpu_seconds_per_query": 12.757183458010354,
  "dataset_name": "pubmedqa_v2"
}