{
  "em": 0.6433333333333333,
  "f1": 0.6445900608208629,
  "partial_em": 0.6566666666666666,
  "classification": {
    "accuracy": 0.6566666666666666,
    "macro_f1": 0.44286957602884497,
    "weighted_f1": 0.6038294168842472,
    "per_class": {
      "yes": {
        "precision": 0.6502242152466368,
        "recall": 0.90625,
        "f1": 0.7571801566579635,
        "support": 160
      },
      "no": {
        "precision": 0.6753246753246753,
        "recall": 0.49523809523809526,
        "f1": 0.5714285714285714,
        "support": 105
      },
      "maybe": {
        "precision": 0.0,
        "recall": 0.0,
        "f1": 0.0,
        "support": 35
      }
    },
    "confusion_matrix": [
      [
        145,
        15,
        0
      ],
      [
        53,
        52,
        0
      ],
      [
        25,
        10,
        0
      ]
    ]
  },
  "latency_avg_ms": 12657.387591997782,
  "latency_p95_ms": 17581.941604614258,
  "throughput_qps": 0.07900524438646543,
  "peak_vram_mb": 0,
  "params_total_m": 0,
  "params_trainable_m": 0,
  "storage_model_mb": 0,
  "storage_adapters_mb": 0,
  "storage_index_mb": 0,
  "train_gpu_hours": 0,
  "num_gpus": 1,
  "inference_gpu_seconds_per_query": 12.657387591997782,
  "dataset_name": "pubmedqa_v2"
}