{
  "em": 0.11666666666666667,
  "f1": 0.2101067607372922,
  "partial_em": 0.19666666666666666,
  "latency_avg_ms": 2015.7962330182393,
  "latency_p95_ms": 2229.931354522705,
  "throughput_qps": 0.49608188745481785,
  "peak_vram_mb": 17207.4228515625,
  "params_total_m": 0,
  "params_trainable_m": 0,
  "storage_model_mb": 0,
  "storage_adapters_mb": 0,
  "storage_index_mb": 0,
  "train_gpu_hours": 0,
  "num_gpus": 1,
  "inference_gpu_seconds_per_query": 2.0157962330182393,
  "dataset_name": "hotpotqa"
}