{
  "em": 0.25333333333333335,
  "f1": 0.42974901007718397,
  "partial_em": 0.51,
  "latency_avg_ms": 1220.451255639394,
  "latency_p95_ms": 2454.603433609009,
  "throughput_qps": 0.8193690615493695,
  "peak_vram_mb": 21310.51025390625,
  "params_total_m": 0,
  "params_trainable_m": 0,
  "storage_model_mb": 0,
  "storage_adapters_mb": 0,
  "storage_index_mb": 0,
  "train_gpu_hours": 0,
  "num_gpus": 1,
  "inference_gpu_seconds_per_query": 1.220451255639394,
  "dataset_name": "hotpotqa"
}