{
  "em": 0.65,
  "f1": 0.7958559218559222,
  "partial_em": 0.7333333333333333,
  "latency_avg_ms": 33202.35263903936,
  "latency_p95_ms": 47181.48112297058,
  "throughput_qps": 0.03011834766263518,
  "peak_vram_mb": 6274.06396484375,
  "params_total_m": 0,
  "params_trainable_m": 0,
  "storage_model_mb": 0,
  "storage_adapters_mb": 0,
  "storage_index_mb": 0,
  "train_gpu_hours": 0,
  "num_gpus": 1,
  "inference_gpu_seconds_per_query": 33.20235263903936,
  "dataset_name": "hotpotqa"
}