{
  "em": 0.2,
  "f1": 0.24254818129168976,
  "partial_em": 0.21,
  "latency_avg_ms": 373.1297755241394,
  "latency_p95_ms": 471.99511528015137,
  "throughput_qps": 2.6800327006744213,
  "peak_vram_mb": 0,
  "params_total_m": 0,
  "params_trainable_m": 0,
  "storage_model_mb": 0,
  "storage_adapters_mb": 0,
  "storage_index_mb": 0,
  "train_gpu_hours": 0,
  "num_gpus": 1,
  "inference_gpu_seconds_per_query": 0.3731297755241394,
  "dataset_name": "squad_v2"
}