{
  "em": 0.006666666666666667,
  "f1": 0.029301156707322088,
  "partial_em": 0.05333333333333334,
  "latency_avg_ms": 2825.8659744262695,
  "latency_p95_ms": 4766.481161117554,
  "throughput_qps": 0.353873824537283,
  "peak_vram_mb": 0,
  "params_total_m": 0,
  "params_trainable_m": 0,
  "storage_model_mb": 0,
  "storage_adapters_mb": 0,
  "storage_index_mb": 0,
  "train_gpu_hours": 0,
  "num_gpus": 1,
  "inference_gpu_seconds_per_query": 2.8258659744262697,
  "dataset_name": "squad_v2"
}