{
  "em": 0.0,
  "f1": 0.0017598817304699658,
  "partial_em": 0.02,
  "classification": {
    "accuracy": 0.375,
    "macro_f1": 0.27777777777777773,
    "weighted_f1": 0.3333333333333333,
    "per_class": {
      "yes": {
        "precision": 0.5,
        "recall": 0.5,
        "f1": 0.5,
        "support": 8
      },
      "no": {
        "precision": 0.25,
        "recall": 0.5,
        "f1": 0.3333333333333333,
        "support": 4
      },
      "maybe": {
        "precision": 0.0,
        "recall": 0.0,
        "f1": 0.0,
        "support": 4
      }
    },
    "confusion_matrix": [
      [
        4,
        4,
        0
      ],
      [
        2,
        2,
        0
      ],
      [
        2,
        2,
        0
      ]
    ]
  },
  "latency_avg_ms": 2354.5800375938416,
  "latency_p95_ms": 3115.1487827301025,
  "throughput_qps": 0.42470418674826854,
  "peak_vram_mb": 0,
  "params_total_m": 0,
  "params_trainable_m": 0,
  "storage_model_mb": 0,
  "storage_adapters_mb": 0,
  "storage_index_mb": 0,
  "train_gpu_hours": 0,
  "num_gpus": 1,
  "inference_gpu_seconds_per_query": 2.3545800375938417,
  "dataset_name": "pubmedqa_v2"
}