{
  "em": 0.59,
  "f1": 0.5903044920976614,
  "partial_em": 0.6033333333333334,
  "classification": {
    "accuracy": 0.6060606060606061,
    "macro_f1": 0.3944764619611245,
    "weighted_f1": 0.5447943732631098,
    "per_class": {
      "yes": {
        "precision": 0.5966386554621849,
        "recall": 0.8987341772151899,
        "f1": 0.7171717171717172,
        "support": 158
      },
      "no": {
        "precision": 0.6440677966101694,
        "recall": 0.36538461538461536,
        "f1": 0.4662576687116564,
        "support": 104
      },
      "maybe": {
        "precision": 0.0,
        "recall": 0.0,
        "f1": 0.0,
        "support": 35
      }
    },
    "confusion_matrix": [
      [
        142,
        16,
        0
      ],
      [
        66,
        38,
        0
      ],
      [
        30,
        5,
        0
      ]
    ]
  },
  "latency_avg_ms": 16442.82496849696,
  "latency_p95_ms": 23935.319900512695,
  "throughput_qps": 0.06081680014936084,
  "peak_vram_mb": 0,
  "params_total_m": 0,
  "params_trainable_m": 0,
  "storage_model_mb": 0,
  "storage_adapters_mb": 0,
  "storage_index_mb": 0,
  "train_gpu_hours": 0,
  "num_gpus": 1,
  "inference_gpu_seconds_per_query": 16.44282496849696,
  "dataset_name": "pubmedqa_v2"
}