{
  "em": 0.33666666666666667,
  "f1": 0.36787734759793606,
  "partial_em": 0.48,
  "classification": {
    "accuracy": 0.5454545454545454,
    "macro_f1": 0.3679330462564245,
    "weighted_f1": 0.5060084365673684,
    "per_class": {
      "yes": {
        "precision": 0.5953757225433526,
        "recall": 0.7357142857142858,
        "f1": 0.65814696485623,
        "support": 140
      },
      "no": {
        "precision": 0.45054945054945056,
        "recall": 0.44086021505376344,
        "f1": 0.44565217391304346,
        "support": 93
      },
      "maybe": {
        "precision": 0.0,
        "recall": 0.0,
        "f1": 0.0,
        "support": 31
      }
    },
    "confusion_matrix": [
      [
        103,
        37,
        0
      ],
      [
        52,
        41,
        0
      ],
      [
        18,
        13,
        0
      ]
    ]
  },
  "latency_avg_ms": 406.0440508524577,
  "latency_p95_ms": 1024.1138935089111,
  "throughput_qps": 2.462786975700243,
  "peak_vram_mb": 0,
  "params_total_m": 0,
  "params_trainable_m": 0,
  "storage_model_mb": 0,
  "storage_adapters_mb": 0,
  "storage_index_mb": 0,
  "train_gpu_hours": 0,
  "num_gpus": 1,
  "inference_gpu_seconds_per_query": 0.4060440508524577,
  "dataset_name": "pubmedqa_v2"
}