{
  "em": 0.33666666666666667,
  "f1": 0.36787734759793606,
  "partial_em": 0.48,
  "latency_avg_ms": 406.0440508524577,
  "latency_p95_ms": 1024.1138935089111,
  "throughput_qps": 2.462786975700243,
  "peak_vram_mb": 0,
  "params_total_m": 0,
  "params_trainable_m": 0,
  "storage_model_mb": 0,
  "storage_adapters_mb": 0,
  "storage_index_mb": 0,
  "train_gpu_hours": 0,
  "num_gpus": 1,
  "inference_gpu_seconds_per_query": 0.4060440508524577,
  "dataset_name": "pubmedqa_v2"
}