{
  "em": 0.0,
  "f1": 0.0017598817304699658,
  "partial_em": 0.02,
  "latency_avg_ms": 2354.5800375938416,
  "latency_p95_ms": 3115.1487827301025,
  "throughput_qps": 0.42470418674826854,
  "peak_vram_mb": 0,
  "params_total_m": 0,
  "params_trainable_m": 0,
  "storage_model_mb": 0,
  "storage_adapters_mb": 0,
  "storage_index_mb": 0,
  "train_gpu_hours": 0,
  "num_gpus": 1,
  "inference_gpu_seconds_per_query": 2.3545800375938417,
  "dataset_name": "pubmedqa_v2"
}