{
  "em": 0.06,
  "f1": 0.11360008438414006,
  "partial_em": 0.36333333333333334,
  "classification": {
    "accuracy": 0.5369458128078818,
    "macro_f1": 0.3659210162938415,
    "weighted_f1": 0.4945412842164549,
    "per_class": {
      "yes": {
        "precision": 0.5789473684210527,
        "recall": 0.7333333333333333,
        "f1": 0.6470588235294117,
        "support": 105
      },
      "no": {
        "precision": 0.45714285714285713,
        "recall": 0.4444444444444444,
        "f1": 0.4507042253521127,
        "support": 72
      },
      "maybe": {
        "precision": 0.0,
        "recall": 0.0,
        "f1": 0.0,
        "support": 26
      }
    },
    "confusion_matrix": [
      [
        77,
        28,
        0
      ],
      [
        40,
        32,
        0
      ],
      [
        16,
        10,
        0
      ]
    ]
  },
  "latency_avg_ms": 522.8689010938009,
  "latency_p95_ms": 878.2689571380615,
  "throughput_qps": 1.912525296318213,
  "peak_vram_mb": 0,
  "params_total_m": 0,
  "params_trainable_m": 0,
  "storage_model_mb": 0,
  "storage_adapters_mb": 0,
  "storage_index_mb": 0,
  "train_gpu_hours": 0,
  "num_gpus": 1,
  "inference_gpu_seconds_per_query": 0.5228689010938009,
  "dataset_name": "pubmedqa_v2"
}