{
  "em": 0.06,
  "f1": 0.11360008438414006,
  "partial_em": 0.36333333333333334,
  "latency_avg_ms": 522.8689010938009,
  "latency_p95_ms": 878.2689571380615,
  "throughput_qps": 1.912525296318213,
  "peak_vram_mb": 0,
  "params_total_m": 0,
  "params_trainable_m": 0,
  "storage_model_mb": 0,
  "storage_adapters_mb": 0,
  "storage_index_mb": 0,
  "train_gpu_hours": 0,
  "num_gpus": 1,
  "inference_gpu_seconds_per_query": 0.5228689010938009,
  "dataset_name": "pubmedqa_v2"
}