{
  "em": 0.52,
  "f1": 0.52,
  "partial_em": 0.52,
  "classification": {
    "accuracy": 0.52,
    "macro_f1": 0.3131433067873746,
    "weighted_f1": 0.41403877431419805,
    "per_class": {
      "yes": {
        "precision": 0.5427509293680297,
        "recall": 0.9125,
        "f1": 0.6806526806526807,
        "support": 160
      },
      "no": {
        "precision": 0.7142857142857143,
        "recall": 0.047619047619047616,
        "f1": 0.08928571428571427,
        "support": 105
      },
      "maybe": {
        "precision": 0.20833333333333334,
        "recall": 0.14285714285714285,
        "f1": 0.1694915254237288,
        "support": 35
      }
    },
    "confusion_matrix": [
      [
        146,
        2,
        12
      ],
      [
        93,
        5,
        7
      ],
      [
        30,
        0,
        5
      ]
    ]
  },
  "latency_avg_ms": 1758.1642611821492,
  "latency_p95_ms": 2152.977705001831,
  "throughput_qps": 0.5687750695874246,
  "peak_vram_mb": 0,
  "params_total_m": 0,
  "params_trainable_m": 0,
  "storage_model_mb": 0,
  "storage_adapters_mb": 0,
  "storage_index_mb": 0,
  "train_gpu_hours": 0,
  "num_gpus": 1,
  "inference_gpu_seconds_per_query": 1.758164261182149,
  "dataset_name": "pubmedqa_v2"
}