{
  "em": 0.59,
  "f1": 0.5903044920976614,
  "partial_em": 0.6033333333333334,
  "latency_avg_ms": 16442.82496849696,
  "latency_p95_ms": 23935.319900512695,
  "throughput_qps": 0.06081680014936084,
  "peak_vram_mb": 0,
  "params_total_m": 0,
  "params_trainable_m": 0,
  "storage_model_mb": 0,
  "storage_adapters_mb": 0,
  "storage_index_mb": 0,
  "train_gpu_hours": 0,
  "num_gpus": 1,
  "inference_gpu_seconds_per_query": 16.44282496849696,
  "dataset_name": "pubmedqa_v2"
}