{
  "em": 0.5933333333333334,
  "f1": 0.5935133309144912,
  "partial_em": 0.61,
  "latency_avg_ms": 17045.918949445087,
  "latency_p95_ms": 25341.811895370483,
  "throughput_qps": 0.05866506833487871,
  "peak_vram_mb": 0,
  "params_total_m": 0,
  "params_trainable_m": 0,
  "storage_model_mb": 0,
  "storage_adapters_mb": 0,
  "storage_index_mb": 0,
  "train_gpu_hours": 0,
  "num_gpus": 1,
  "inference_gpu_seconds_per_query": 17.04591894944509,
  "dataset_name": "pubmedqa_v2"
}