{
  "em": 0.9282857142857143,
  "f1": 0.9282857142857143,
  "partial_em": 0.9282857142857143,
  "classification": {
    "accuracy": 0.9282857142857143,
    "macro_f1": 0.5216368785567537,
    "weighted_f1": 0.8976641874551788,
    "per_class": {
      "yes": {
        "precision": 0.9291248206599713,
        "recall": 0.9987661937075879,
        "f1": 0.9626876765274267,
        "support": 3242
      },
      "no": {
        "precision": 0.7333333333333333,
        "recall": 0.04263565891472868,
        "f1": 0.08058608058608058,
        "support": 258
      }
    },
    "confusion_matrix": [
      [
        3238,
        4
      ],
      [
        247,
        11
      ]
    ]
  },
  "latency_avg_ms": 164.47143384388514,
  "latency_p95_ms": 185.09316444396973,
  "throughput_qps": 6.080083189091616,
  "peak_vram_mb": 0,
  "params_total_m": 0,
  "params_trainable_m": 0,
  "storage_model_mb": 0,
  "storage_adapters_mb": 0,
  "storage_index_mb": 0,
  "train_gpu_hours": 0,
  "num_gpus": 1,
  "inference_gpu_seconds_per_query": 0.16447143384388513,
  "dataset_name": "pubmedqa_v2"
}