{
  "em": 0.8737142857142857,
  "f1": 0.8737142857142857,
  "partial_em": 0.8737142857142857,
  "classification": {
    "accuracy": 0.87621776504298,
    "macro_f1": 0.5722573265061554,
    "weighted_f1": 0.8797305641287216,
    "per_class": {
      "yes": {
        "precision": 0.9377930603313536,
        "recall": 0.9279307145066502,
        "f1": 0.9328358208955224,
        "support": 3233
      },
      "no": {
        "precision": 0.19931271477663232,
        "recall": 0.22568093385214008,
        "f1": 0.21167883211678834,
        "support": 257
      }
    },
    "confusion_matrix": [
      [
        3000,
        233
      ],
      [
        199,
        58
      ]
    ]
  },
  "latency_avg_ms": 66.13047272818429,
  "latency_p95_ms": 70.34850120544434,
  "throughput_qps": 15.121621829474808,
  "peak_vram_mb": 0,
  "params_total_m": 0,
  "params_trainable_m": 0,
  "storage_model_mb": 0,
  "storage_adapters_mb": 0,
  "storage_index_mb": 0,
  "train_gpu_hours": 0,
  "num_gpus": 1,
  "inference_gpu_seconds_per_query": 0.06613047272818429,
  "dataset_name": "pubmedqa_v2"
}