{
  "em": 0.8737142857142857,
  "f1": 0.8737142857142857,
  "partial_em": 0.8737142857142857,
  "classification": {
    "accuracy": 0.8742138364779874,
    "macro_f1": 0.381038323973155,
    "weighted_f1": 0.8786781035697044,
    "per_class": {
      "yes": {
        "precision": 0.9377930603313536,
        "recall": 0.9259259259259259,
        "f1": 0.9318217114458768,
        "support": 3240
      },
      "no": {
        "precision": 0.19931271477663232,
        "recall": 0.2248062015503876,
        "f1": 0.21129326047358837,
        "support": 258
      },
      "maybe": {
        "precision": 0.0,
        "recall": 0.0,
        "f1": 0.0,
        "support": 0
      }
    },
    "confusion_matrix": [
      [
        3000,
        233,
        7
      ],
      [
        199,
        58,
        1
      ],
      [
        0,
        0,
        0
      ]
    ]
  },
  "latency_avg_ms": 66.13047272818429,
  "latency_p95_ms": 70.34850120544434,
  "throughput_qps": 15.121621829474808,
  "peak_vram_mb": 0,
  "params_total_m": 0,
  "params_trainable_m": 0,
  "storage_model_mb": 0,
  "storage_adapters_mb": 0,
  "storage_index_mb": 0,
  "train_gpu_hours": 0,
  "num_gpus": 1,
  "inference_gpu_seconds_per_query": 0.06613047272818429,
  "dataset_name": "pubmedqa_v2"
}