{
  "em": 0.8682857142857143,
  "f1": 0.8682857142857143,
  "partial_em": 0.8682857142857143,
  "classification": {
    "accuracy": 0.8901581722319859,
    "macro_f1": 0.5232502324632239,
    "weighted_f1": 0.8807251467354268,
    "per_class": {
      "yes": {
        "precision": 0.9303114400246685,
        "recall": 0.9529374605180038,
        "f1": 0.9414885317522234,
        "support": 3166
      },
      "no": {
        "precision": 0.1286549707602339,
        "recall": 0.08870967741935484,
        "f1": 0.10501193317422435,
        "support": 248
      }
    },
    "confusion_matrix": [
      [
        3017,
        149
      ],
      [
        226,
        22
      ]
    ]
  },
  "latency_avg_ms": 137.84506470816476,
  "latency_p95_ms": 161.6835594177246,
  "throughput_qps": 7.254521604506661,
  "peak_vram_mb": 0,
  "params_total_m": 0,
  "params_trainable_m": 0,
  "storage_model_mb": 0,
  "storage_adapters_mb": 0,
  "storage_index_mb": 0,
  "train_gpu_hours": 0,
  "num_gpus": 1,
  "inference_gpu_seconds_per_query": 0.13784506470816477,
  "dataset_name": "pubmedqa_v2"
}