{
  "em": 0.8925714285714286,
  "f1": 0.8948478482526196,
  "partial_em": 0.926,
  "classification": {
    "accuracy": 0.9266895761741123,
    "macro_f1": 0.7021192653213553,
    "weighted_f1": 0.9228381064629173,
    "per_class": {
      "yes": {
        "precision": 0.9531630170316302,
        "recall": 0.9684796044499382,
        "f1": 0.9607602697731453,
        "support": 3236
      },
      "no": {
        "precision": 0.5,
        "recall": 0.3984375,
        "f1": 0.4434782608695652,
        "support": 256
      }
    },
    "confusion_matrix": [
      [
        3134,
        102
      ],
      [
        154,
        102
      ]
    ]
  },
  "latency_avg_ms": 13375.499778747559,
  "latency_p95_ms": 18498.16942214966,
  "throughput_qps": 0.0747635614774491,
  "peak_vram_mb": 0,
  "params_total_m": 0,
  "params_trainable_m": 0,
  "storage_model_mb": 0,
  "storage_adapters_mb": 0,
  "storage_index_mb": 0,
  "train_gpu_hours": 0,
  "num_gpus": 1,
  "inference_gpu_seconds_per_query": 13.375499778747558,
  "dataset_name": "pubmedqa_v2"
}