{
  "em": 0.14,
  "f1": 0.21908660556748147,
  "partial_em": 0.3466666666666667,
  "latency_avg_ms": 5592.630148728688,
  "latency_p95_ms": 35556.93030357361,
  "throughput_qps": 0.17880674627256,
  "peak_vram_mb": 0,
  "params_total_m": 0,
  "params_trainable_m": 0,
  "storage_model_mb": 0,
  "storage_adapters_mb": 0,
  "storage_index_mb": 0,
  "train_gpu_hours": 0,
  "num_gpus": 1,
  "inference_gpu_seconds_per_query": 5.592630148728689,
  "dataset_name": "hotpotqa"
}