{
  "em": 0.12333333333333334,
  "f1": 0.20099995374995366,
  "partial_em": 0.13666666666666666,
  "latency_avg_ms": 255.9738532702128,
  "latency_p95_ms": 418.8549518585205,
  "throughput_qps": 3.906649008187463,
  "peak_vram_mb": 0,
  "params_total_m": 0,
  "params_trainable_m": 0,
  "storage_model_mb": 0,
  "storage_adapters_mb": 0,
  "storage_index_mb": 0,
  "train_gpu_hours": 0,
  "num_gpus": 1,
  "inference_gpu_seconds_per_query": 0.2559738532702128,
  "dataset_name": "hotpotqa"
}