{
  "em": 0.02,
  "f1": 0.1114058529519172,
  "partial_em": 0.12,
  "latency_avg_ms": 389.09583648045856,
  "latency_p95_ms": 661.005973815918,
  "throughput_qps": 2.5700609110738264,
  "peak_vram_mb": 0,
  "params_total_m": 0,
  "params_trainable_m": 0,
  "storage_model_mb": 0,
  "storage_adapters_mb": 0,
  "storage_index_mb": 0,
  "train_gpu_hours": 0,
  "num_gpus": 1,
  "inference_gpu_seconds_per_query": 0.38909583648045853,
  "dataset_name": "hotpotqa"
}