{
  "em": 0.2,
  "f1": 0.24254818129168976,
  "partial_em": 0.21,
  "latency_avg_ms": 373.1297755241394,
  "latency_p95_ms": 471.99511528015137,
  "throughput_qps": 2.6800327006744213,
  "peak_vram_mb": 0,
  "params_total_m": 0,
  "params_trainable_m": 0,
  "storage_model_mb": 0,
  "storage_adapters_mb": 0,
  "storage_index_mb": 0,
  "train_gpu_hours": 0,
  "num_gpus": 1,
  "inference_gpu_seconds_per_query": 0.3731297755241394,
  "dataset_name": "squad_v2",
  "classification": {
    "accuracy": 0.5333333333333333,
    "macro_f1": 0.5188782991202346,
    "weighted_f1": 0.5160984848484848,
    "per_class": {
      "NO_ANSWER": {
        "precision": 0.5806451612903226,
        "recall": 0.34838709677419355,
        "f1": 0.43548387096774194,
        "support": 155
      },
      "ANSWERABLE": {
        "precision": 0.5120772946859904,
        "recall": 0.7310344827586207,
        "f1": 0.6022727272727273,
        "support": 145
      }
    },
    "confusion_matrix": [
      [
        54,
        101
      ],
      [
        39,
        106
      ]
    ]
  }
}