{
  "em": 0.39,
  "f1": 0.4777216193992559,
  "partial_em": 0.4633333333333333,
  "latency_avg_ms": 9642.777366638184,
  "latency_p95_ms": 13611.861228942871,
  "throughput_qps": 0.10370456166081077,
  "peak_vram_mb": 0,
  "params_total_m": 0,
  "params_trainable_m": 0,
  "storage_model_mb": 0,
  "storage_adapters_mb": 0,
  "storage_index_mb": 0,
  "train_gpu_hours": 0,
  "num_gpus": 1,
  "inference_gpu_seconds_per_query": 9.642777366638184,
  "dataset_name": "squad_v2",
  "classification": {
    "accuracy": 0.6266666666666667,
    "macro_f1": 0.6218090135518437,
    "weighted_f1": 0.620380292047484,
    "per_class": {
      "NO_ANSWER": {
        "precision": 0.6936936936936937,
        "recall": 0.4967741935483871,
        "f1": 0.5789473684210527,
        "support": 155
      },
      "ANSWERABLE": {
        "precision": 0.5873015873015873,
        "recall": 0.7655172413793103,
        "f1": 0.6646706586826346,
        "support": 145
      }
    },
    "confusion_matrix": [
      [
        77,
        78
      ],
      [
        34,
        111
      ]
    ]
  }
}