{
  "em": 0.49666666666666665,
  "f1": 0.5041746031746032,
  "partial_em": 0.5066666666666667,
  "classification": {
    "accuracy": 0.54,
    "macro_f1": 0.4295634920634921,
    "weighted_f1": 0.4379298941798942,
    "per_class": {
      "NO_ANSWER": {
        "precision": 0.5306859205776173,
        "recall": 0.9483870967741935,
        "f1": 0.6805555555555556,
        "support": 155
      },
      "ANSWERABLE": {
        "precision": 0.6521739130434783,
        "recall": 0.10344827586206896,
        "f1": 0.17857142857142858,
        "support": 145
      }
    },
    "confusion_matrix": [
      [
        147,
        8
      ],
      [
        130,
        15
      ]
    ]
  },
  "latency_avg_ms": 145.26381174723306,
  "latency_p95_ms": 148.6227512359619,
  "throughput_qps": 6.884026984917994,
  "peak_vram_mb": 0,
  "params_total_m": 0,
  "params_trainable_m": 0,
  "storage_model_mb": 0,
  "storage_adapters_mb": 0,
  "storage_index_mb": 0,
  "train_gpu_hours": 0,
  "num_gpus": 1,
  "inference_gpu_seconds_per_query": 0.14526381174723307,
  "dataset_name": "squad_v2",
  "em_answerable_only": 0.013793103448275862,
  "f1_answerable_only": 0.029326765188834154,
  "n_answerable": 145
}