{
  "em": 0.006666666666666667,
  "f1": 0.029301156707322088,
  "partial_em": 0.05333333333333334,
  "latency_avg_ms": 2825.8659744262695,
  "latency_p95_ms": 4766.481161117554,
  "throughput_qps": 0.353873824537283,
  "peak_vram_mb": 0,
  "params_total_m": 0,
  "params_trainable_m": 0,
  "storage_model_mb": 0,
  "storage_adapters_mb": 0,
  "storage_index_mb": 0,
  "train_gpu_hours": 0,
  "num_gpus": 1,
  "inference_gpu_seconds_per_query": 2.8258659744262697,
  "dataset_name": "squad_v2",
  "classification": {
    "accuracy": 0.4866666666666667,
    "macro_f1": 0.3384500830517212,
    "weighted_f1": 0.3280122954732039,
    "per_class": {
      "NO_ANSWER": {
        "precision": 0.6666666666666666,
        "recall": 0.012903225806451613,
        "f1": 0.02531645569620253,
        "support": 155
      },
      "ANSWERABLE": {
        "precision": 0.48484848484848486,
        "recall": 0.993103448275862,
        "f1": 0.6515837104072398,
        "support": 145
      }
    },
    "confusion_matrix": [
      [
        2,
        153
      ],
      [
        1,
        144
      ]
    ]
  }
}