{
  "em": 0.4533333333333333,
  "f1": 0.45674535871681454,
  "partial_em": 0.45666666666666667,
  "classification": {
    "accuracy": 0.5133333333333333,
    "macro_f1": 0.4277801003344482,
    "weighted_f1": 0.4351553790412487,
    "per_class": {
      "NO_ANSWER": {
        "precision": 0.5172413793103449,
        "recall": 0.8709677419354839,
        "f1": 0.6490384615384616,
        "support": 155
      },
      "ANSWERABLE": {
        "precision": 0.48717948717948717,
        "recall": 0.1310344827586207,
        "f1": 0.2065217391304348,
        "support": 145
      }
    },
    "confusion_matrix": [
      [
        135,
        20
      ],
      [
        126,
        19
      ]
    ]
  },
  "latency_avg_ms": 738.8089744249979,
  "latency_p95_ms": 1228.3143997192383,
  "throughput_qps": 1.353529849550464,
  "peak_vram_mb": 0,
  "params_total_m": 0,
  "params_trainable_m": 0,
  "storage_model_mb": 0,
  "storage_adapters_mb": 0,
  "storage_index_mb": 0,
  "train_gpu_hours": 0,
  "num_gpus": 1,
  "inference_gpu_seconds_per_query": 0.7388089744249979,
  "dataset_name": "squad_v2",
  "em_answerable_only": 0.006896551724137931,
  "f1_answerable_only": 0.0139559145865128,
  "n_answerable": 145
}