{
  "em": 0.5033333333333333,
  "f1": 0.5061616161616161,
  "partial_em": 0.5033333333333333,
  "classification": {
    "accuracy": 0.5133333333333333,
    "macro_f1": 0.3567904135338346,
    "weighted_f1": 0.36736763784461157,
    "per_class": {
      "NO_ANSWER": {
        "precision": 0.515358361774744,
        "recall": 0.9741935483870968,
        "f1": 0.6741071428571429,
        "support": 155
      },
      "ANSWERABLE": {
        "precision": 0.42857142857142855,
        "recall": 0.020689655172413793,
        "f1": 0.039473684210526314,
        "support": 145
      }
    },
    "confusion_matrix": [
      [
        151,
        4
      ],
      [
        142,
        3
      ]
    ]
  },
  "latency_avg_ms": 193.59986623128256,
  "latency_p95_ms": 225.6612777709961,
  "throughput_qps": 5.1652928251787005,
  "peak_vram_mb": 0,
  "params_total_m": 0,
  "params_trainable_m": 0,
  "storage_model_mb": 0,
  "storage_adapters_mb": 0,
  "storage_index_mb": 0,
  "train_gpu_hours": 0,
  "num_gpus": 1,
  "inference_gpu_seconds_per_query": 0.19359986623128256,
  "dataset_name": "squad_v2"
}