{
  "em": 0.0,
  "f1": 0.04005471149841635,
  "partial_em": 0.02666666666666667,
  "latency_avg_ms": 390.3355685869853,
  "latency_p95_ms": 609.7047328948975,
  "throughput_qps": 2.5618982241869475,
  "peak_vram_mb": 0,
  "params_total_m": 0,
  "params_trainable_m": 0,
  "storage_model_mb": 0,
  "storage_adapters_mb": 0,
  "storage_index_mb": 0,
  "train_gpu_hours": 0,
  "num_gpus": 1,
  "inference_gpu_seconds_per_query": 0.3903355685869853,
  "dataset_name": "squad_v2"
}