{
  "em": 0.0,
  "f1": 0.041860271424666216,
  "partial_em": 0.07666666666666666,
  "classification": {
    "accuracy": 0.48333333333333334,
    "macro_f1": 0.32584269662921345,
    "weighted_f1": 0.31498127340823967,
    "per_class": {
      "NO_ANSWER": {
        "precision": 0.0,
        "recall": 0.0,
        "f1": 0.0,
        "support": 155
      },
      "ANSWERABLE": {
        "precision": 0.48333333333333334,
        "recall": 1.0,
        "f1": 0.6516853932584269,
        "support": 145
      }
    },
    "confusion_matrix": [
      [
        0,
        155
      ],
      [
        0,
        145
      ]
    ]
  },
  "latency_avg_ms": 1318.3439882596333,
  "latency_p95_ms": 1911.0932350158691,
  "throughput_qps": 0.758527371388188,
  "peak_vram_mb": 0,
  "params_total_m": 0,
  "params_trainable_m": 0,
  "storage_model_mb": 0,
  "storage_adapters_mb": 0,
  "storage_index_mb": 0,
  "train_gpu_hours": 0,
  "num_gpus": 1,
  "inference_gpu_seconds_per_query": 1.3183439882596333,
  "dataset_name": "squad_v2"
}