{
  "em": 0.0,
  "f1": 0.041860271424666216,
  "partial_em": 0.07666666666666666,
  "latency_avg_ms": 1318.3439882596333,
  "latency_p95_ms": 1911.0932350158691,
  "throughput_qps": 0.758527371388188,
  "peak_vram_mb": 0,
  "params_total_m": 0,
  "params_trainable_m": 0,
  "storage_model_mb": 0,
  "storage_adapters_mb": 0,
  "storage_index_mb": 0,
  "train_gpu_hours": 0,
  "num_gpus": 1,
  "inference_gpu_seconds_per_query": 1.3183439882596333,
  "dataset_name": "squad_v2"
}