{
  "em": 0.36,
  "f1": 0.3702767323926745,
  "partial_em": 0.37,
  "latency_avg_ms": 10676.840394337973,
  "latency_p95_ms": 14584.690570831299,
  "throughput_qps": 0.09366066767564582,
  "peak_vram_mb": 0,
  "params_total_m": 0,
  "params_trainable_m": 0,
  "storage_model_mb": 0,
  "storage_adapters_mb": 0,
  "storage_index_mb": 0,
  "train_gpu_hours": 0,
  "num_gpus": 1,
  "inference_gpu_seconds_per_query": 10.676840394337972,
  "dataset_name": "squad_v2",
  "classification": {
    "accuracy": 0.5266666666666666,
    "macro_f1": 0.5172038623691011,
    "weighted_f1": 0.5194569110113787,
    "per_class": {
      "NO_ANSWER": {
        "precision": 0.5347593582887701,
        "recall": 0.6451612903225806,
        "f1": 0.584795321637427,
        "support": 155
      },
      "ANSWERABLE": {
        "precision": 0.5132743362831859,
        "recall": 0.4,
        "f1": 0.4496124031007752,
        "support": 145
      }
    },
    "confusion_matrix": [
      [
        100,
        55
      ],
      [
        87,
        58
      ]
    ]
  }
}