{
  "em": 0.39666666666666667,
  "f1": 0.45275648241329636,
  "partial_em": 0.4533333333333333,
  "classification": {
    "accuracy": 0.5433333333333333,
    "macro_f1": 0.5421888053467001,
    "weighted_f1": 0.5429518240044555,
    "per_class": {
      "NO_ANSWER": {
        "precision": 0.55625,
        "recall": 0.5741935483870968,
        "f1": 0.5650793650793651,
        "support": 155
      },
      "ANSWERABLE": {
        "precision": 0.5285714285714286,
        "recall": 0.5103448275862069,
        "f1": 0.519298245614035,
        "support": 145
      }
    },
    "confusion_matrix": [
      [
        89,
        66
      ],
      [
        71,
        74
      ]
    ]
  },
  "em_answerable_only": 0.20689655172413793,
  "f1_answerable_only": 0.3229048110176005,
  "n_answerable": 145,
  "latency_avg_ms": 9379.967397054037,
  "latency_p95_ms": 13765.009641647339,
  "throughput_qps": 0.10661017865734476,
  "peak_vram_mb": 0,
  "params_total_m": 0,
  "params_trainable_m": 0,
  "storage_model_mb": 0,
  "storage_adapters_mb": 0,
  "storage_index_mb": 0,
  "train_gpu_hours": 0,
  "num_gpus": 1,
  "inference_gpu_seconds_per_query": 9.379967397054036,
  "dataset_name": "squad_v2"
}