{
  "em": 0.39,
  "f1": 0.4777216193992559,
  "partial_em": 0.4633333333333333,
  "latency_avg_ms": 9642.777366638184,
  "latency_p95_ms": 13611.861228942871,
  "throughput_qps": 0.10370456166081077,
  "peak_vram_mb": 0,
  "params_total_m": 0,
  "params_trainable_m": 0,
  "storage_model_mb": 0,
  "storage_adapters_mb": 0,
  "storage_index_mb": 0,
  "train_gpu_hours": 0,
  "num_gpus": 1,
  "inference_gpu_seconds_per_query": 9.642777366638184,
  "dataset_name": "squad_v2"
}