{
  "em": 0.14685714285714285,
  "f1": 0.23667007097729806,
  "partial_em": 0.162,
  "latency_avg_ms": 262.6580261502947,
  "latency_p95_ms": 310.3048801422119,
  "throughput_qps": 3.8072318392729914,
  "peak_vram_mb": 0,
  "params_total_m": 0,
  "params_trainable_m": 0,
  "storage_model_mb": 0,
  "storage_adapters_mb": 0,
  "storage_index_mb": 0,
  "train_gpu_hours": 0,
  "num_gpus": 1,
  "inference_gpu_seconds_per_query": 0.2626580261502947
}