{
  "em": 0.18657142857142858,
  "f1": 0.28359187991241375,
  "partial_em": 0.3137142857142857,
  "latency_avg_ms": 1954.9147901535034,
  "latency_p95_ms": 5639.366626739502,
  "throughput_qps": 0.5115312468025669,
  "peak_vram_mb": 0,
  "params_total_m": 0,
  "params_trainable_m": 0,
  "storage_model_mb": 0,
  "storage_adapters_mb": 0,
  "storage_index_mb": 0,
  "train_gpu_hours": 0,
  "num_gpus": 1,
  "inference_gpu_seconds_per_query": 1.9549147901535033
}