{
  "em": 0.031142857142857142,
  "f1": 0.19138302568062562,
  "partial_em": 0.3882857142857143,
  "latency_avg_ms": 406.95744282858715,
  "latency_p95_ms": 722.1364974975586,
  "throughput_qps": 2.4572593956002566,
  "peak_vram_mb": 0,
  "params_total_m": 0,
  "params_trainable_m": 0,
  "storage_model_mb": 0,
  "storage_adapters_mb": 0,
  "storage_index_mb": 0,
  "train_gpu_hours": 0,
  "num_gpus": 1,
  "inference_gpu_seconds_per_query": 0.40695744282858715
}