{
  "em": 0.04171428571428572,
  "f1": 0.1288938431537985,
  "partial_em": 0.14257142857142857,
  "latency_avg_ms": 250.93983214242118,
  "latency_p95_ms": 518.6569690704346,
  "throughput_qps": 3.985019004206749,
  "peak_vram_mb": 0,
  "params_total_m": 0,
  "params_trainable_m": 0,
  "storage_model_mb": 0,
  "storage_adapters_mb": 0,
  "storage_index_mb": 0,
  "train_gpu_hours": 0,
  "num_gpus": 1,
  "inference_gpu_seconds_per_query": 0.25093983214242116
}