{
  "em": 0.17333333333333334,
  "f1": 0.2365171957671957,
  "partial_em": 0.18333333333333332,
  "latency_avg_ms": 618.5388668378195,
  "latency_p95_ms": 1268.190860748291,
  "throughput_qps": 1.6167132796558756,
  "peak_vram_mb": 2789.6396484375,
  "params_total_m": 0,
  "params_trainable_m": 0,
  "storage_model_mb": 0,
  "storage_adapters_mb": 0,
  "storage_index_mb": 0,
  "train_gpu_hours": 0,
  "num_gpus": 1,
  "inference_gpu_seconds_per_query": 0.6185388668378194,
  "dataset_name": "hotpotqa"
}