{
  "em": 0.12,
  "f1": 0.19775775243514418,
  "partial_em": 0.18333333333333332,
  "latency_avg_ms": 38166.660882631935,
  "latency_p95_ms": 86047.86276817322,
  "throughput_qps": 0.02620087733310352,
  "peak_vram_mb": 2044.1787109375,
  "params_total_m": 0,
  "params_trainable_m": 0,
  "storage_model_mb": 0,
  "storage_adapters_mb": 0,
  "storage_index_mb": 0,
  "train_gpu_hours": 0,
  "num_gpus": 1,
  "inference_gpu_seconds_per_query": 38.16666088263194,
  "dataset_name": "hotpotqa"
}