{
  "em": 0.12,
  "f1": 0.20731746031746026,
  "partial_em": 0.16333333333333333,
  "latency_avg_ms": 38262.70315408707,
  "latency_p95_ms": 86260.73551177979,
  "throughput_qps": 0.026135111154403215,
  "peak_vram_mb": 1513.4169921875,
  "params_total_m": 0,
  "params_trainable_m": 0,
  "storage_model_mb": 0,
  "storage_adapters_mb": 0,
  "storage_index_mb": 0,
  "train_gpu_hours": 0,
  "num_gpus": 1,
  "inference_gpu_seconds_per_query": 38.26270315408706,
  "dataset_name": "hotpotqa"
}